[
  {
    "model": "admin.logentry",
    "pk": 1,
    "fields": {
      "action_time": "2023-04-21T04:31:46.976Z",
      "user": 1,
      "content_type": 8,
      "object_id": "1",
      "object_repr": "Summary for 32608",
      "action_flag": 1,
      "change_message": "[{\"added\": {}}]"
    }
  },
  {
    "model": "admin.logentry",
    "pk": 2,
    "fields": {
      "action_time": "2023-04-21T19:13:56.949Z",
      "user": 1,
      "content_type": 8,
      "object_id": "1",
      "object_repr": "Summary for 32608",
      "action_flag": 2,
      "change_message": "[{\"added\": {\"name\": \"conditions\", \"object\": \"Conditions for current_conditions\"}}, {\"added\": {\"name\": \"conditions\", \"object\": \"Conditions for last_year\"}}]"
    }
  },
  {
    "model": "admin.logentry",
    "pk": 3,
    "fields": {
      "action_time": "2023-04-21T19:17:10.682Z",
      "user": 1,
      "content_type": 9,
      "object_id": "1",
      "object_repr": "Forecast for 1684414800",
      "action_flag": 1,
      "change_message": "[{\"added\": {}}, {\"added\": {\"name\": \"forecast table\", \"object\": \"Forecast data of Temperature Forecast : d\"}}]"
    }
  },
  {
    "model": "admin.logentry",
    "pk": 4,
    "fields": {
      "action_time": "2023-04-21T19:17:32.256Z",
      "user": 1,
      "content_type": 11,
      "object_id": "2",
      "object_repr": "Forecast data of Temperature Forecast : h",
      "action_flag": 1,
      "change_message": "[{\"added\": {}}]"
    }
  },
  {
    "model": "admin.logentry",
    "pk": 5,
    "fields": {
      "action_time": "2023-04-21T19:20:00.337Z",
      "user": 1,
      "content_type": 11,
      "object_id": "2",
      "object_repr": "Forecast data of Temperature Forecast : h",
      "action_flag": 2,
      "change_message": "[{\"added\": {\"name\": \"forecast row\", \"object\": \"1684414800 : 65\"}}, {\"added\": {\"name\": \"forecast row\", \"object\": \"1684418400 : 67\"}}, {\"added\": {\"name\": \"forecast row\", \"object\": \"1684422000 : 75\"}}, {\"added\": {\"name\": \"forecast row\", \"object\": \"1684425600 : 77\"}}, {\"added\": {\"name\": \"forecast row\", \"object\": \"1684429200 : 80\"}}, {\"added\": {\"name\": \"forecast row\", \"object\": \"1684432800 : 85\"}}, {\"added\": {\"name\": \"forecast row\", \"object\": \"1684436400 : 85\"}}, {\"added\": {\"name\": \"forecast row\", \"object\": \"1684440000 : 82\"}}, {\"added\": {\"name\": \"forecast row\", \"object\": \"1684443600 : 75\"}}, {\"added\": {\"name\": \"forecast row\", \"object\": \"1684447200 : 71\"}}, {\"added\": {\"name\": \"forecast row\", \"object\": \"1684450800 : 68\"}}, {\"added\": {\"name\": \"forecast row\", \"object\": \"1684454400 : 66\"}}]"
    }
  },
  {
    "model": "admin.logentry",
    "pk": 6,
    "fields": {
      "action_time": "2023-04-21T19:21:45.048Z",
      "user": 1,
      "content_type": 11,
      "object_id": "1",
      "object_repr": "Forecast data of Temperature Forecast : d",
      "action_flag": 2,
      "change_message": "[{\"added\": {\"name\": \"forecast row\", \"object\": \"1684382400 : 83\"}}, {\"added\": {\"name\": \"forecast row\", \"object\": \"1684468800 : 88\"}}, {\"added\": {\"name\": \"forecast row\", \"object\": \"1684555200 : 85\"}}, {\"added\": {\"name\": \"forecast row\", \"object\": \"1684641600 : 79\"}}, {\"added\": {\"name\": \"forecast row\", \"object\": \"1684728000 : 80\"}}, {\"added\": {\"name\": \"forecast row\", \"object\": \"1684814400 : 88\"}}, {\"added\": {\"name\": \"forecast row\", \"object\": \"1684900800 : 87\"}}, {\"added\": {\"name\": \"forecast row\", \"object\": \"1684987200 : 89\"}}, {\"added\": {\"name\": \"forecast row\", \"object\": \"1685073600 : 92\"}}, {\"added\": {\"name\": \"forecast row\", \"object\": \"1685160000 : 83\"}}, {\"added\": {\"name\": \"forecast row\", \"object\": \"1685246400 : 80\"}}, {\"added\": {\"name\": \"forecast row\", \"object\": \"1685332800 : 83\"}}]"
    }
  },
  {
    "model": "admin.logentry",
    "pk": 7,
    "fields": {
      "action_time": "2023-04-21T19:36:48.012Z",
      "user": 1,
      "content_type": 11,
      "object_id": "3",
      "object_repr": "Forecast data of Humidity Forecast : h",
      "action_flag": 1,
      "change_message": "[{\"added\": {}}, {\"added\": {\"name\": \"forecast row\", \"object\": \"1684414800 : 65\"}}, {\"added\": {\"name\": \"forecast row\", \"object\": \"1684418400 : 67\"}}, {\"added\": {\"name\": \"forecast row\", \"object\": \"1684422000 : 75\"}}, {\"added\": {\"name\": \"forecast row\", \"object\": \"1684425600 : 77\"}}, {\"added\": {\"name\": \"forecast row\", \"object\": \"1684429200 : 80\"}}, {\"added\": {\"name\": \"forecast row\", \"object\": \"1684432800 : 85\"}}, {\"added\": {\"name\": \"forecast row\", \"object\": \"1684436400 : 85\"}}, {\"added\": {\"name\": \"forecast row\", \"object\": \"1684440000 : 82\"}}, {\"added\": {\"name\": \"forecast row\", \"object\": \"1684443600 : 75\"}}, {\"added\": {\"name\": \"forecast row\", \"object\": \"1684447200 : 71\"}}, {\"added\": {\"name\": \"forecast row\", \"object\": \"1684450800 : 68\"}}, {\"added\": {\"name\": \"forecast row\", \"object\": \"1684454400 : 66\"}}]"
    }
  },
  {
    "model": "admin.logentry",
    "pk": 8,
    "fields": {
      "action_time": "2023-04-21T19:37:40.387Z",
      "user": 1,
      "content_type": 11,
      "object_id": "3",
      "object_repr": "Forecast data of Humidity Forecast : h",
      "action_flag": 2,
      "change_message": "[{\"changed\": {\"name\": \"forecast row\", \"object\": \"1684414800 : 30\", \"fields\": [\"Value\"]}}, {\"changed\": {\"name\": \"forecast row\", \"object\": \"1684418400 : 45\", \"fields\": [\"Value\"]}}, {\"changed\": {\"name\": \"forecast row\", \"object\": \"1684422000 : 32\", \"fields\": [\"Value\"]}}, {\"changed\": {\"name\": \"forecast row\", \"object\": \"1684425600 : 55\", \"fields\": [\"Value\"]}}, {\"changed\": {\"name\": \"forecast row\", \"object\": \"1684429200 : 44\", \"fields\": [\"Value\"]}}, {\"changed\": {\"name\": \"forecast row\", \"object\": \"1684432800 : 44\", \"fields\": [\"Value\"]}}, {\"changed\": {\"name\": \"forecast row\", \"object\": \"1684436400 : 46\", \"fields\": [\"Value\"]}}, {\"changed\": {\"name\": \"forecast row\", \"object\": \"1684440000 : 87\", \"fields\": [\"Value\"]}}, {\"changed\": {\"name\": \"forecast row\", \"object\": \"1684443600 : 62\", \"fields\": [\"Value\"]}}, {\"changed\": {\"name\": \"forecast row\", \"object\": \"1684447200 : 49\", \"fields\": [\"Value\"]}}, {\"changed\": {\"name\": \"forecast row\", \"object\": \"1684450800 : 40\", \"fields\": [\"Value\"]}}, {\"changed\": {\"name\": \"forecast row\", \"object\": \"1684454400 : 38\", \"fields\": [\"Value\"]}}]"
    }
  },
  {
    "model": "admin.logentry",
    "pk": 9,
    "fields": {
      "action_time": "2023-04-21T19:37:54.934Z",
      "user": 1,
      "content_type": 11,
      "object_id": "4",
      "object_repr": "Forecast data of Humidity Forecast : d",
      "action_flag": 1,
      "change_message": "[{\"added\": {}}, {\"added\": {\"name\": \"forecast row\", \"object\": \"1684382400 : 83\"}}, {\"added\": {\"name\": \"forecast row\", \"object\": \"1684468800 : 88\"}}, {\"added\": {\"name\": \"forecast row\", \"object\": \"1684555200 : 85\"}}, {\"added\": {\"name\": \"forecast row\", \"object\": \"1684641600 : 79\"}}, {\"added\": {\"name\": \"forecast row\", \"object\": \"1684728000 : 80\"}}, {\"added\": {\"name\": \"forecast row\", \"object\": \"1684814400 : 88\"}}, {\"added\": {\"name\": \"forecast row\", \"object\": \"1684900800 : 87\"}}, {\"added\": {\"name\": \"forecast row\", \"object\": \"1684987200 : 89\"}}, {\"added\": {\"name\": \"forecast row\", \"object\": \"1685073600 : 92\"}}, {\"added\": {\"name\": \"forecast row\", \"object\": \"1685160000 : 83\"}}, {\"added\": {\"name\": \"forecast row\", \"object\": \"1685246400 : 80\"}}, {\"added\": {\"name\": \"forecast row\", \"object\": \"1685332800 : 83\"}}]"
    }
  },
  {
    "model": "admin.logentry",
    "pk": 10,
    "fields": {
      "action_time": "2023-04-21T19:38:10.674Z",
      "user": 1,
      "content_type": 11,
      "object_id": "4",
      "object_repr": "Forecast data of Humidity Forecast : d",
      "action_flag": 3,
      "change_message": ""
    }
  },
  {
    "model": "admin.logentry",
    "pk": 11,
    "fields": {
      "action_time": "2023-04-21T19:38:15.695Z",
      "user": 1,
      "content_type": 11,
      "object_id": "5",
      "object_repr": "Forecast data of Humidity Forecast : h",
      "action_flag": 1,
      "change_message": "[{\"added\": {}}, {\"added\": {\"name\": \"forecast row\", \"object\": \"1684414800 : 30\"}}, {\"added\": {\"name\": \"forecast row\", \"object\": \"1684418400 : 45\"}}, {\"added\": {\"name\": \"forecast row\", \"object\": \"1684422000 : 32\"}}, {\"added\": {\"name\": \"forecast row\", \"object\": \"1684425600 : 55\"}}, {\"added\": {\"name\": \"forecast row\", \"object\": \"1684429200 : 44\"}}, {\"added\": {\"name\": \"forecast row\", \"object\": \"1684432800 : 44\"}}, {\"added\": {\"name\": \"forecast row\", \"object\": \"1684436400 : 46\"}}, {\"added\": {\"name\": \"forecast row\", \"object\": \"1684440000 : 87\"}}, {\"added\": {\"name\": \"forecast row\", \"object\": \"1684443600 : 62\"}}, {\"added\": {\"name\": \"forecast row\", \"object\": \"1684447200 : 49\"}}, {\"added\": {\"name\": \"forecast row\", \"object\": \"1684450800 : 40\"}}, {\"added\": {\"name\": \"forecast row\", \"object\": \"1684454400 : 38\"}}]"
    }
  },
  {
    "model": "admin.logentry",
    "pk": 12,
    "fields": {
      "action_time": "2023-04-21T19:38:46.674Z",
      "user": 1,
      "content_type": 11,
      "object_id": "5",
      "object_repr": "Forecast data of Humidity Forecast : d",
      "action_flag": 2,
      "change_message": "[{\"changed\": {\"fields\": [\"Range\"]}}, {\"changed\": {\"name\": \"forecast row\", \"object\": \"1684414800 : 28\", \"fields\": [\"Value\"]}}, {\"changed\": {\"name\": \"forecast row\", \"object\": \"1684418400 : 47\", \"fields\": [\"Value\"]}}, {\"changed\": {\"name\": \"forecast row\", \"object\": \"1684422000 : 33\", \"fields\": [\"Value\"]}}, {\"changed\": {\"name\": \"forecast row\", \"object\": \"1684425600 : 52\", \"fields\": [\"Value\"]}}, {\"changed\": {\"name\": \"forecast row\", \"object\": \"1684429200 : 50\", \"fields\": [\"Value\"]}}, {\"changed\": {\"name\": \"forecast row\", \"object\": \"1684432800 : 65\", \"fields\": [\"Value\"]}}, {\"changed\": {\"name\": \"forecast row\", \"object\": \"1684436400 : 47\", \"fields\": [\"Value\"]}}, {\"changed\": {\"name\": \"forecast row\", \"object\": \"1684440000 : 55\", \"fields\": [\"Value\"]}}, {\"changed\": {\"name\": \"forecast row\", \"object\": \"1684443600 : 63\", \"fields\": [\"Value\"]}}, {\"changed\": {\"name\": \"forecast row\", \"object\": \"1684447200 : 52\", \"fields\": [\"Value\"]}}, {\"changed\": {\"name\": \"forecast row\", \"object\": \"1684450800 : 39\", \"fields\": [\"Value\"]}}, {\"changed\": {\"name\": \"forecast row\", \"object\": \"1684454400 : 40\", \"fields\": [\"Value\"]}}]"
    }
  },
  {
    "model": "admin.logentry",
    "pk": 13,
    "fields": {
      "action_time": "2023-04-21T19:39:11.110Z",
      "user": 1,
      "content_type": 11,
      "object_id": "6",
      "object_repr": "Forecast data of Precipitation Forecast : h",
      "action_flag": 1,
      "change_message": "[{\"added\": {}}, {\"added\": {\"name\": \"forecast row\", \"object\": \"1684414800 : 30\"}}, {\"added\": {\"name\": \"forecast row\", \"object\": \"1684418400 : 45\"}}, {\"added\": {\"name\": \"forecast row\", \"object\": \"1684422000 : 32\"}}, {\"added\": {\"name\": \"forecast row\", \"object\": \"1684425600 : 55\"}}, {\"added\": {\"name\": \"forecast row\", \"object\": \"1684429200 : 44\"}}, {\"added\": {\"name\": \"forecast row\", \"object\": \"1684432800 : 44\"}}, {\"added\": {\"name\": \"forecast row\", \"object\": \"1684436400 : 46\"}}, {\"added\": {\"name\": \"forecast row\", \"object\": \"1684440000 : 87\"}}, {\"added\": {\"name\": \"forecast row\", \"object\": \"1684443600 : 62\"}}, {\"added\": {\"name\": \"forecast row\", \"object\": \"1684447200 : 49\"}}, {\"added\": {\"name\": \"forecast row\", \"object\": \"1684450800 : 40\"}}, {\"added\": {\"name\": \"forecast row\", \"object\": \"1684454400 : 38\"}}]"
    }
  },
  {
    "model": "admin.logentry",
    "pk": 14,
    "fields": {
      "action_time": "2023-04-21T19:39:59.221Z",
      "user": 1,
      "content_type": 11,
      "object_id": "6",
      "object_repr": "Forecast data of Precipitation Forecast : h",
      "action_flag": 2,
      "change_message": "[{\"changed\": {\"name\": \"forecast row\", \"object\": \"1684418400 : 10\", \"fields\": [\"Value\"]}}, {\"changed\": {\"name\": \"forecast row\", \"object\": \"1684422000 : 12\", \"fields\": [\"Value\"]}}, {\"changed\": {\"name\": \"forecast row\", \"object\": \"1684425600 : 10\", \"fields\": [\"Value\"]}}, {\"changed\": {\"name\": \"forecast row\", \"object\": \"1684429200 : 85\", \"fields\": [\"Value\"]}}, {\"changed\": {\"name\": \"forecast row\", \"object\": \"1684432800 : 100\", \"fields\": [\"Value\"]}}, {\"changed\": {\"name\": \"forecast row\", \"object\": \"1684436400 : 63\", \"fields\": [\"Value\"]}}, {\"changed\": {\"name\": \"forecast row\", \"object\": \"1684440000 : 0\", \"fields\": [\"Value\"]}}, {\"changed\": {\"name\": \"forecast row\", \"object\": \"1684443600 : 0\", \"fields\": [\"Value\"]}}, {\"changed\": {\"name\": \"forecast row\", \"object\": \"1684447200 : 20\", \"fields\": [\"Value\"]}}, {\"changed\": {\"name\": \"forecast row\", \"object\": \"1684450800 : 10\", \"fields\": [\"Value\"]}}, {\"changed\": {\"name\": \"forecast row\", \"object\": \"1684454400 : 12\", \"fields\": [\"Value\"]}}]"
    }
  },
  {
    "model": "admin.logentry",
    "pk": 15,
    "fields": {
      "action_time": "2023-04-21T19:40:07.933Z",
      "user": 1,
      "content_type": 11,
      "object_id": "7",
      "object_repr": "Forecast data of Precipitation Forecast : d",
      "action_flag": 1,
      "change_message": "[{\"added\": {}}, {\"added\": {\"name\": \"forecast row\", \"object\": \"1684414800 : 30\"}}, {\"added\": {\"name\": \"forecast row\", \"object\": \"1684418400 : 10\"}}, {\"added\": {\"name\": \"forecast row\", \"object\": \"1684422000 : 12\"}}, {\"added\": {\"name\": \"forecast row\", \"object\": \"1684425600 : 10\"}}, {\"added\": {\"name\": \"forecast row\", \"object\": \"1684429200 : 85\"}}, {\"added\": {\"name\": \"forecast row\", \"object\": \"1684432800 : 100\"}}, {\"added\": {\"name\": \"forecast row\", \"object\": \"1684436400 : 63\"}}, {\"added\": {\"name\": \"forecast row\", \"object\": \"1684440000 : 0\"}}, {\"added\": {\"name\": \"forecast row\", \"object\": \"1684443600 : 0\"}}, {\"added\": {\"name\": \"forecast row\", \"object\": \"1684447200 : 20\"}}, {\"added\": {\"name\": \"forecast row\", \"object\": \"1684450800 : 10\"}}, {\"added\": {\"name\": \"forecast row\", \"object\": \"1684454400 : 12\"}}]"
    }
  },
  {
    "model": "admin.logentry",
    "pk": 16,
    "fields": {
      "action_time": "2023-04-21T19:40:44.970Z",
      "user": 1,
      "content_type": 11,
      "object_id": "7",
      "object_repr": "Forecast data of Precipitation Forecast : d",
      "action_flag": 2,
      "change_message": "[{\"changed\": {\"name\": \"forecast row\", \"object\": \"1684418400 : 80\", \"fields\": [\"Value\"]}}, {\"changed\": {\"name\": \"forecast row\", \"object\": \"1684422000 : 90\", \"fields\": [\"Value\"]}}, {\"changed\": {\"name\": \"forecast row\", \"object\": \"1684432800 : 10\", \"fields\": [\"Value\"]}}, {\"changed\": {\"name\": \"forecast row\", \"object\": \"1684440000 : 5\", \"fields\": [\"Value\"]}}, {\"changed\": {\"name\": \"forecast row\", \"object\": \"1684443600 : 8\", \"fields\": [\"Value\"]}}, {\"changed\": {\"name\": \"forecast row\", \"object\": \"1684447200 : 15\", \"fields\": [\"Value\"]}}, {\"changed\": {\"name\": \"forecast row\", \"object\": \"1684450800 : 80\", \"fields\": [\"Value\"]}}]"
    }
  },
  {
    "model": "admin.logentry",
    "pk": 17,
    "fields": {
      "action_time": "2023-04-21T19:41:09.509Z",
      "user": 1,
      "content_type": 11,
      "object_id": "8",
      "object_repr": "Forecast data of Precipitation Forecast : h",
      "action_flag": 1,
      "change_message": "[{\"added\": {}}, {\"added\": {\"name\": \"forecast row\", \"object\": \"1684414800 : 30\"}}, {\"added\": {\"name\": \"forecast row\", \"object\": \"1684418400 : 10\"}}, {\"added\": {\"name\": \"forecast row\", \"object\": \"1684422000 : 12\"}}, {\"added\": {\"name\": \"forecast row\", \"object\": \"1684425600 : 10\"}}, {\"added\": {\"name\": \"forecast row\", \"object\": \"1684429200 : 85\"}}, {\"added\": {\"name\": \"forecast row\", \"object\": \"1684432800 : 100\"}}, {\"added\": {\"name\": \"forecast row\", \"object\": \"1684436400 : 63\"}}, {\"added\": {\"name\": \"forecast row\", \"object\": \"1684440000 : 0\"}}, {\"added\": {\"name\": \"forecast row\", \"object\": \"1684443600 : 0\"}}, {\"added\": {\"name\": \"forecast row\", \"object\": \"1684447200 : 20\"}}, {\"added\": {\"name\": \"forecast row\", \"object\": \"1684450800 : 10\"}}, {\"added\": {\"name\": \"forecast row\", \"object\": \"1684454400 : 12\"}}]"
    }
  },
  {
    "model": "admin.logentry",
    "pk": 18,
    "fields": {
      "action_time": "2023-04-21T19:41:51.177Z",
      "user": 1,
      "content_type": 11,
      "object_id": "8",
      "object_repr": "Forecast data of Wind Forecast : h",
      "action_flag": 2,
      "change_message": "[{\"changed\": {\"fields\": [\"Type\"]}}, {\"changed\": {\"name\": \"forecast row\", \"object\": \"1684414800 : 10\", \"fields\": [\"Value\"]}}, {\"changed\": {\"name\": \"forecast row\", \"object\": \"1684418400 : 5\", \"fields\": [\"Value\"]}}, {\"changed\": {\"name\": \"forecast row\", \"object\": \"1684422000 : 5\", \"fields\": [\"Value\"]}}, {\"changed\": {\"name\": \"forecast row\", \"object\": \"1684425600 : 2\", \"fields\": [\"Value\"]}}, {\"changed\": {\"name\": \"forecast row\", \"object\": \"1684429200 : 20\", \"fields\": [\"Value\"]}}, {\"changed\": {\"name\": \"forecast row\", \"object\": \"1684432800 : 15\", \"fields\": [\"Value\"]}}, {\"changed\": {\"name\": \"forecast row\", \"object\": \"1684436400 : 30\", \"fields\": [\"Value\"]}}, {\"changed\": {\"name\": \"forecast row\", \"object\": \"1684440000 : 15\", \"fields\": [\"Value\"]}}, {\"changed\": {\"name\": \"forecast row\", \"object\": \"1684443600 : 10\", \"fields\": [\"Value\"]}}, {\"changed\": {\"name\": \"forecast row\", \"object\": \"1684447200 : 5\", \"fields\": [\"Value\"]}}, {\"changed\": {\"name\": \"forecast row\", \"object\": \"1684450800 : 2\", \"fields\": [\"Value\"]}}, {\"changed\": {\"name\": \"forecast row\", \"object\": \"1684454400 : 5\", \"fields\": [\"Value\"]}}]"
    }
  },
  {
    "model": "admin.logentry",
    "pk": 19,
    "fields": {
      "action_time": "2023-04-21T19:41:57.114Z",
      "user": 1,
      "content_type": 11,
      "object_id": "9",
      "object_repr": "Forecast data of Wind Forecast : d",
      "action_flag": 1,
      "change_message": "[{\"added\": {}}, {\"added\": {\"name\": \"forecast row\", \"object\": \"1684414800 : 10\"}}, {\"added\": {\"name\": \"forecast row\", \"object\": \"1684418400 : 5\"}}, {\"added\": {\"name\": \"forecast row\", \"object\": \"1684422000 : 5\"}}, {\"added\": {\"name\": \"forecast row\", \"object\": \"1684425600 : 2\"}}, {\"added\": {\"name\": \"forecast row\", \"object\": \"1684429200 : 20\"}}, {\"added\": {\"name\": \"forecast row\", \"object\": \"1684432800 : 15\"}}, {\"added\": {\"name\": \"forecast row\", \"object\": \"1684436400 : 30\"}}, {\"added\": {\"name\": \"forecast row\", \"object\": \"1684440000 : 15\"}}, {\"added\": {\"name\": \"forecast row\", \"object\": \"1684443600 : 10\"}}, {\"added\": {\"name\": \"forecast row\", \"object\": \"1684447200 : 5\"}}, {\"added\": {\"name\": \"forecast row\", \"object\": \"1684450800 : 2\"}}, {\"added\": {\"name\": \"forecast row\", \"object\": \"1684454400 : 5\"}}]"
    }
  },
  {
    "model": "admin.logentry",
    "pk": 20,
    "fields": {
      "action_time": "2023-04-21T19:42:31.587Z",
      "user": 1,
      "content_type": 11,
      "object_id": "9",
      "object_repr": "Forecast data of Wind Forecast : d",
      "action_flag": 2,
      "change_message": "[{\"changed\": {\"name\": \"forecast row\", \"object\": \"1684414800 : 15\", \"fields\": [\"Value\"]}}, {\"changed\": {\"name\": \"forecast row\", \"object\": \"1684418400 : 13\", \"fields\": [\"Value\"]}}, {\"changed\": {\"name\": \"forecast row\", \"object\": \"1684422000 : 23\", \"fields\": [\"Value\"]}}, {\"changed\": {\"name\": \"forecast row\", \"object\": \"1684425600 : 30\", \"fields\": [\"Value\"]}}, {\"changed\": {\"name\": \"forecast row\", \"object\": \"1684429200 : 25\", \"fields\": [\"Value\"]}}, {\"changed\": {\"name\": \"forecast row\", \"object\": \"1684436400 : 12\", \"fields\": [\"Value\"]}}, {\"changed\": {\"name\": \"forecast row\", \"object\": \"1684443600 : 2\", \"fields\": [\"Value\"]}}, {\"changed\": {\"name\": \"forecast row\", \"object\": \"1684447200 : 2\", \"fields\": [\"Value\"]}}, {\"changed\": {\"name\": \"forecast row\", \"object\": \"1684450800 : 4\", \"fields\": [\"Value\"]}}, {\"changed\": {\"name\": \"forecast row\", \"object\": \"1684454400 : 3\", \"fields\": [\"Value\"]}}]"
    }
  },
  {
    "model": "admin.logentry",
    "pk": 21,
    "fields": {
      "action_time": "2023-04-22T18:58:19.052Z",
      "user": 1,
      "content_type": 8,
      "object_id": "1",
      "object_repr": "Summary for 32608",
      "action_flag": 2,
      "change_message": "[{\"changed\": {\"fields\": [\"Page title\"]}}]"
    }
  },
  {
    "model": "admin.logentry",
    "pk": 22,
    "fields": {
      "action_time": "2023-04-22T18:59:12.694Z",
      "user": 1,
      "content_type": 8,
      "object_id": "2",
      "object_repr": "Summary for 32608",
      "action_flag": 1,
      "change_message": "[{\"added\": {}}, {\"added\": {\"name\": \"conditions\", \"object\": \"Conditions for top_result\"}}, {\"added\": {\"name\": \"conditions\", \"object\": \"Conditions for search_results\"}}]"
    }
  },
  {
    "model": "admin.logentry",
    "pk": 23,
    "fields": {
      "action_time": "2023-04-22T19:03:38.268Z",
      "user": 1,
      "content_type": 8,
      "object_id": "2",
      "object_repr": "search for 32608",
      "action_flag": 2,
      "change_message": "[{\"changed\": {\"fields\": [\"Page title\"]}}]"
    }
  },
  {
    "model": "admin.logentry",
    "pk": 24,
    "fields": {
      "action_time": "2023-04-22T19:06:25.197Z",
      "user": 1,
      "content_type": 8,
      "object_id": "2",
      "object_repr": "search for 32608",
      "action_flag": 2,
      "change_message": "[{\"changed\": {\"name\": \"conditions\", \"object\": \"Conditions for search_results\", \"fields\": [\"Average temp\", \"Wind speed\"]}}]"
    }
  },
  {
    "model": "admin.logentry",
    "pk": 25,
    "fields": {
      "action_time": "2023-04-22T23:46:17.378Z",
      "user": 1,
      "content_type": 9,
      "object_id": "1",
      "object_repr": "Forecast for 1684414800",
      "action_flag": 2,
      "change_message": "[]"
    }
  },
  {
    "model": "admin.logentry",
    "pk": 26,
    "fields": {
      "action_time": "2023-04-23T06:23:45.353Z",
      "user": 1,
      "content_type": 8,
      "object_id": "1",
      "object_repr": "summary for 32608",
      "action_flag": 2,
      "change_message": "[{\"added\": {\"name\": \"conditions\", \"object\": \"Conditions for hottest_day\"}}, {\"added\": {\"name\": \"conditions\", \"object\": \"Conditions for coldest_day\"}}, {\"added\": {\"name\": \"conditions\", \"object\": \"Conditions for rainiest_day\"}}, {\"added\": {\"name\": \"conditions\", \"object\": \"Conditions for latest_sunrise\"}}, {\"added\": {\"name\": \"conditions\", \"object\": \"Conditions for muggiest_day\"}}, {\"added\": {\"name\": \"conditions\", \"object\": \"Conditions for earliest_sunrise\"}}, {\"added\": {\"name\": \"conditions\", \"object\": \"Conditions for latest_sunset\"}}, {\"added\": {\"name\": \"conditions\", \"object\": \"Conditions for earliest_sunset\"}}]"
    }
  },
  {
    "model": "admin.logentry",
    "pk": 27,
    "fields": {
      "action_time": "2023-04-23T18:17:54.835Z",
      "user": 1,
      "content_type": 8,
      "object_id": "2",
      "object_repr": "search for 32608",
      "action_flag": 2,
      "change_message": "[{\"added\": {\"name\": \"conditions\", \"object\": \"Conditions for top_result\"}}, {\"added\": {\"name\": \"conditions\", \"object\": \"Conditions for search_results\"}}, {\"added\": {\"name\": \"conditions\", \"object\": \"Conditions for search_results\"}}, {\"added\": {\"name\": \"conditions\", \"object\": \"Conditions for search_results\"}}, {\"added\": {\"name\": \"conditions\", \"object\": \"Conditions for search_results\"}}, {\"added\": {\"name\": \"conditions\", \"object\": \"Conditions for search_results\"}}, {\"added\": {\"name\": \"conditions\", \"object\": \"Conditions for search_results\"}}, {\"changed\": {\"name\": \"conditions\", \"object\": \"Conditions for top_result\", \"fields\": [\"Widget title\"]}}]"
    }
  },
  {
    "model": "admin.logentry",
    "pk": 28,
    "fields": {
      "action_time": "2023-04-23T18:20:21.910Z",
      "user": 1,
      "content_type": 8,
      "object_id": "2",
      "object_repr": "search for 32608",
      "action_flag": 2,
      "change_message": "[{\"added\": {\"name\": \"conditions\", \"object\": \"Conditions for search_results\"}}, {\"added\": {\"name\": \"conditions\", \"object\": \"Conditions for search_results\"}}, {\"added\": {\"name\": \"conditions\", \"object\": \"Conditions for search_results\"}}]"
    }
  },
  {
    "model": "admin.logentry",
    "pk": 29,
    "fields": {
      "action_time": "2023-04-23T18:20:48.453Z",
      "user": 1,
      "content_type": 8,
      "object_id": "2",
      "object_repr": "search for 32608",
      "action_flag": 2,
      "change_message": "[{\"changed\": {\"name\": \"conditions\", \"object\": \"Conditions for top_result\", \"fields\": [\"Average temp\"]}}, {\"changed\": {\"name\": \"conditions\", \"object\": \"Conditions for top_result\", \"fields\": [\"Average temp\"]}}, {\"changed\": {\"name\": \"conditions\", \"object\": \"Conditions for search_results\", \"fields\": [\"Average temp\"]}}]"
    }
  },
  {
    "model": "auth.permission",
    "pk": 1,
    "fields": {
      "name": "Can add log entry",
      "content_type": 1,
      "codename": "add_logentry"
    }
  },
  {
    "model": "auth.permission",
    "pk": 2,
    "fields": {
      "name": "Can change log entry",
      "content_type": 1,
      "codename": "change_logentry"
    }
  },
  {
    "model": "auth.permission",
    "pk": 3,
    "fields": {
      "name": "Can delete log entry",
      "content_type": 1,
      "codename": "delete_logentry"
    }
  },
  {
    "model": "auth.permission",
    "pk": 4,
    "fields": {
      "name": "Can view log entry",
      "content_type": 1,
      "codename": "view_logentry"
    }
  },
  {
    "model": "auth.permission",
    "pk": 5,
    "fields": {
      "name": "Can add permission",
      "content_type": 2,
      "codename": "add_permission"
    }
  },
  {
    "model": "auth.permission",
    "pk": 6,
    "fields": {
      "name": "Can change permission",
      "content_type": 2,
      "codename": "change_permission"
    }
  },
  {
    "model": "auth.permission",
    "pk": 7,
    "fields": {
      "name": "Can delete permission",
      "content_type": 2,
      "codename": "delete_permission"
    }
  },
  {
    "model": "auth.permission",
    "pk": 8,
    "fields": {
      "name": "Can view permission",
      "content_type": 2,
      "codename": "view_permission"
    }
  },
  {
    "model": "auth.permission",
    "pk": 9,
    "fields": {
      "name": "Can add group",
      "content_type": 3,
      "codename": "add_group"
    }
  },
  {
    "model": "auth.permission",
    "pk": 10,
    "fields": {
      "name": "Can change group",
      "content_type": 3,
      "codename": "change_group"
    }
  },
  {
    "model": "auth.permission",
    "pk": 11,
    "fields": {
      "name": "Can delete group",
      "content_type": 3,
      "codename": "delete_group"
    }
  },
  {
    "model": "auth.permission",
    "pk": 12,
    "fields": {
      "name": "Can view group",
      "content_type": 3,
      "codename": "view_group"
    }
  },
  {
    "model": "auth.permission",
    "pk": 13,
    "fields": {
      "name": "Can add user",
      "content_type": 4,
      "codename": "add_user"
    }
  },
  {
    "model": "auth.permission",
    "pk": 14,
    "fields": {
      "name": "Can change user",
      "content_type": 4,
      "codename": "change_user"
    }
  },
  {
    "model": "auth.permission",
    "pk": 15,
    "fields": {
      "name": "Can delete user",
      "content_type": 4,
      "codename": "delete_user"
    }
  },
  {
    "model": "auth.permission",
    "pk": 16,
    "fields": {
      "name": "Can view user",
      "content_type": 4,
      "codename": "view_user"
    }
  },
  {
    "model": "auth.permission",
    "pk": 17,
    "fields": {
      "name": "Can add content type",
      "content_type": 5,
      "codename": "add_contenttype"
    }
  },
  {
    "model": "auth.permission",
    "pk": 18,
    "fields": {
      "name": "Can change content type",
      "content_type": 5,
      "codename": "change_contenttype"
    }
  },
  {
    "model": "auth.permission",
    "pk": 19,
    "fields": {
      "name": "Can delete content type",
      "content_type": 5,
      "codename": "delete_contenttype"
    }
  },
  {
    "model": "auth.permission",
    "pk": 20,
    "fields": {
      "name": "Can view content type",
      "content_type": 5,
      "codename": "view_contenttype"
    }
  },
  {
    "model": "auth.permission",
    "pk": 21,
    "fields": {
      "name": "Can add session",
      "content_type": 6,
      "codename": "add_session"
    }
  },
  {
    "model": "auth.permission",
    "pk": 22,
    "fields": {
      "name": "Can change session",
      "content_type": 6,
      "codename": "change_session"
    }
  },
  {
    "model": "auth.permission",
    "pk": 23,
    "fields": {
      "name": "Can delete session",
      "content_type": 6,
      "codename": "delete_session"
    }
  },
  {
    "model": "auth.permission",
    "pk": 24,
    "fields": {
      "name": "Can view session",
      "content_type": 6,
      "codename": "view_session"
    }
  },
  {
    "model": "auth.permission",
    "pk": 25,
    "fields": {
      "name": "Can add package",
      "content_type": 7,
      "codename": "add_package"
    }
  },
  {
    "model": "auth.permission",
    "pk": 26,
    "fields": {
      "name": "Can change package",
      "content_type": 7,
      "codename": "change_package"
    }
  },
  {
    "model": "auth.permission",
    "pk": 27,
    "fields": {
      "name": "Can delete package",
      "content_type": 7,
      "codename": "delete_package"
    }
  },
  {
    "model": "auth.permission",
    "pk": 28,
    "fields": {
      "name": "Can view package",
      "content_type": 7,
      "codename": "view_package"
    }
  },
  {
    "model": "auth.permission",
    "pk": 29,
    "fields": {
      "name": "Can add summary",
      "content_type": 8,
      "codename": "add_summary"
    }
  },
  {
    "model": "auth.permission",
    "pk": 30,
    "fields": {
      "name": "Can change summary",
      "content_type": 8,
      "codename": "change_summary"
    }
  },
  {
    "model": "auth.permission",
    "pk": 31,
    "fields": {
      "name": "Can delete summary",
      "content_type": 8,
      "codename": "delete_summary"
    }
  },
  {
    "model": "auth.permission",
    "pk": 32,
    "fields": {
      "name": "Can view summary",
      "content_type": 8,
      "codename": "view_summary"
    }
  },
  {
    "model": "auth.permission",
    "pk": 33,
    "fields": {
      "name": "Can add forecast",
      "content_type": 9,
      "codename": "add_forecast"
    }
  },
  {
    "model": "auth.permission",
    "pk": 34,
    "fields": {
      "name": "Can change forecast",
      "content_type": 9,
      "codename": "change_forecast"
    }
  },
  {
    "model": "auth.permission",
    "pk": 35,
    "fields": {
      "name": "Can delete forecast",
      "content_type": 9,
      "codename": "delete_forecast"
    }
  },
  {
    "model": "auth.permission",
    "pk": 36,
    "fields": {
      "name": "Can view forecast",
      "content_type": 9,
      "codename": "view_forecast"
    }
  },
  {
    "model": "auth.permission",
    "pk": 37,
    "fields": {
      "name": "Can add conditions list",
      "content_type": 10,
      "codename": "add_conditionslist"
    }
  },
  {
    "model": "auth.permission",
    "pk": 38,
    "fields": {
      "name": "Can change conditions list",
      "content_type": 10,
      "codename": "change_conditionslist"
    }
  },
  {
    "model": "auth.permission",
    "pk": 39,
    "fields": {
      "name": "Can delete conditions list",
      "content_type": 10,
      "codename": "delete_conditionslist"
    }
  },
  {
    "model": "auth.permission",
    "pk": 40,
    "fields": {
      "name": "Can view conditions list",
      "content_type": 10,
      "codename": "view_conditionslist"
    }
  },
  {
    "model": "auth.permission",
    "pk": 41,
    "fields": {
      "name": "Can add forecast table",
      "content_type": 11,
      "codename": "add_forecasttable"
    }
  },
  {
    "model": "auth.permission",
    "pk": 42,
    "fields": {
      "name": "Can change forecast table",
      "content_type": 11,
      "codename": "change_forecasttable"
    }
  },
  {
    "model": "auth.permission",
    "pk": 43,
    "fields": {
      "name": "Can delete forecast table",
      "content_type": 11,
      "codename": "delete_forecasttable"
    }
  },
  {
    "model": "auth.permission",
    "pk": 44,
    "fields": {
      "name": "Can view forecast table",
      "content_type": 11,
      "codename": "view_forecasttable"
    }
  },
  {
    "model": "auth.permission",
    "pk": 45,
    "fields": {
      "name": "Can add forecast row",
      "content_type": 12,
      "codename": "add_forecastrow"
    }
  },
  {
    "model": "auth.permission",
    "pk": 46,
    "fields": {
      "name": "Can change forecast row",
      "content_type": 12,
      "codename": "change_forecastrow"
    }
  },
  {
    "model": "auth.permission",
    "pk": 47,
    "fields": {
      "name": "Can delete forecast row",
      "content_type": 12,
      "codename": "delete_forecastrow"
    }
  },
  {
    "model": "auth.permission",
    "pk": 48,
    "fields": {
      "name": "Can view forecast row",
      "content_type": 12,
      "codename": "view_forecastrow"
    }
  },
  {
    "model": "auth.permission",
    "pk": 49,
    "fields": {
      "name": "Can add search results",
      "content_type": 13,
      "codename": "add_searchresults"
    }
  },
  {
    "model": "auth.permission",
    "pk": 50,
    "fields": {
      "name": "Can change search results",
      "content_type": 13,
      "codename": "change_searchresults"
    }
  },
  {
    "model": "auth.permission",
    "pk": 51,
    "fields": {
      "name": "Can delete search results",
      "content_type": 13,
      "codename": "delete_searchresults"
    }
  },
  {
    "model": "auth.permission",
    "pk": 52,
    "fields": {
      "name": "Can view search results",
      "content_type": 13,
      "codename": "view_searchresults"
    }
  },
  {
    "model": "auth.permission",
    "pk": 53,
    "fields": {
      "name": "Can add conditions",
      "content_type": 14,
      "codename": "add_conditions"
    }
  },
  {
    "model": "auth.permission",
    "pk": 54,
    "fields": {
      "name": "Can change conditions",
      "content_type": 14,
      "codename": "change_conditions"
    }
  },
  {
    "model": "auth.permission",
    "pk": 55,
    "fields": {
      "name": "Can delete conditions",
      "content_type": 14,
      "codename": "delete_conditions"
    }
  },
  {
    "model": "auth.permission",
    "pk": 56,
    "fields": {
      "name": "Can view conditions",
      "content_type": 14,
      "codename": "view_conditions"
    }
  },
  {
    "model": "auth.permission",
    "pk": 57,
    "fields": {
      "name": "Can add page",
      "content_type": 8,
      "codename": "add_page"
    }
  },
  {
    "model": "auth.permission",
    "pk": 58,
    "fields": {
      "name": "Can change page",
      "content_type": 8,
      "codename": "change_page"
    }
  },
  {
    "model": "auth.permission",
    "pk": 59,
    "fields": {
      "name": "Can delete page",
      "content_type": 8,
      "codename": "delete_page"
    }
  },
  {
    "model": "auth.permission",
    "pk": 60,
    "fields": {
      "name": "Can view page",
      "content_type": 8,
      "codename": "view_page"
    }
  },
  {
    "model": "auth.user",
    "pk": 1,
    "fields": {
      "password": "pbkdf2_sha256$260000$uDTGYrjAnBbHM890OGwg6E$tr8O77sXsqSTDKF5rSTuKhO88kzdwxxAE6kv1TGwQ6M=",
      "last_login": "2023-04-21T04:31:37.420Z",
      "is_superuser": true,
      "username": "admin",
      "first_name": "",
      "last_name": "",
      "email": "admin@example.com",
      "is_staff": true,
      "is_active": true,
      "date_joined": "2023-04-21T04:31:27.411Z",
      "groups": [],
      "user_permissions": []
    }
  },
  {
    "model": "contenttypes.contenttype",
    "pk": 1,
    "fields": { "app_label": "admin", "model": "logentry" }
  },
  {
    "model": "contenttypes.contenttype",
    "pk": 2,
    "fields": { "app_label": "auth", "model": "permission" }
  },
  {
    "model": "contenttypes.contenttype",
    "pk": 3,
    "fields": { "app_label": "auth", "model": "group" }
  },
  {
    "model": "contenttypes.contenttype",
    "pk": 4,
    "fields": { "app_label": "auth", "model": "user" }
  },
  {
    "model": "contenttypes.contenttype",
    "pk": 5,
    "fields": { "app_label": "contenttypes", "model": "contenttype" }
  },
  {
    "model": "contenttypes.contenttype",
    "pk": 6,
    "fields": { "app_label": "sessions", "model": "session" }
  },
  {
    "model": "contenttypes.contenttype",
    "pk": 7,
    "fields": { "app_label": "core", "model": "package" }
  },
  {
    "model": "contenttypes.contenttype",
    "pk": 8,
    "fields": { "app_label": "logic", "model": "page" }
  },
  {
    "model": "contenttypes.contenttype",
    "pk": 9,
    "fields": { "app_label": "logic", "model": "forecast" }
  },
  {
    "model": "contenttypes.contenttype",
    "pk": 10,
    "fields": { "app_label": "logic", "model": "conditionslist" }
  },
  {
    "model": "contenttypes.contenttype",
    "pk": 11,
    "fields": { "app_label": "logic", "model": "forecasttable" }
  },
  {
    "model": "contenttypes.contenttype",
    "pk": 12,
    "fields": { "app_label": "logic", "model": "forecastrow" }
  },
  {
    "model": "contenttypes.contenttype",
    "pk": 13,
    "fields": { "app_label": "logic", "model": "searchresults" }
  },
  {
    "model": "contenttypes.contenttype",
    "pk": 14,
    "fields": { "app_label": "logic", "model": "conditions" }
  },
  {
    "model": "sessions.session",
    "pk": "xd6rslv2scdnvvq7m0x7cew908sa6k8j",
    "fields": {
      "session_data": ".eJxVjMEOwiAQRP-FsyFdKCAevfcbyMIuUjU0Ke3J-O9K0oOeJpn3Zl4i4L6VsDdew0ziIkCcfruI6cG1A7pjvS0yLXVb5yi7Ig_a5LQQP6-H-3dQsJXv2qg8snWZlLfeko4jIBvUoIfUg8mzywzRD5SNAp-dSZbYMIA2ZyveH-Z-N94:1ppiQr:skXbReYWrtXAVSvOHqPc5t0Rhh3uo5cDOdiEokWmsA0",
      "expire_date": "2023-05-05T04:31:37.421Z"
    }
  },
  {
    "model": "logic.page",
    "pk": 1,
    "fields": { "location": 32608, "user": 0, "page_title": "summary" }
  },
  {
    "model": "logic.page",
    "pk": 2,
    "fields": { "location": 32608, "user": 0, "page_title": "search" }
  },
  {
    "model": "logic.page",
    "pk": 3,
    "fields": { "location": 0, "user": 0, "page_title": "string" }
  },
  {
    "model": "logic.page",
    "pk": 4,
    "fields": { "location": 0, "user": 0, "page_title": "string" }
  },
  {
    "model": "logic.page",
    "pk": 5,
    "fields": { "location": 0, "user": 0, "page_title": "string" }
  },
  {
    "model": "logic.page",
    "pk": 6,
    "fields": { "location": 0, "user": 0, "page_title": "string" }
  },
  {
    "model": "logic.forecast",
    "pk": 1,
    "fields": {
      "date": 1684414800,
      "sunrise": 1684404000,
      "sunset": 1684450800,
      "wind_speed": 10,
      "wind_deg": 36,
      "location": 1
    }
  },
  {
    "model": "logic.conditions",
    "pk": 1,
    "fields": {
      "widget_title": "current_conditions",
      "date": 1578384000,
      "location": 1,
      "average_temp": 93,
      "feels_like": 98,
      "pressure": 30,
      "humidity": 42,
      "wind_speed": 4,
      "pop": 22,
      "rain_levels": 0,
      "weather_name": "Sun",
      "icon": "10n"
    }
  },
  {
    "model": "logic.conditions",
    "pk": 2,
    "fields": {
      "widget_title": "last_year",
      "date": 1578384000,
      "location": 1,
      "average_temp": 91,
      "feels_like": 95,
      "pressure": 29,
      "humidity": 35,
      "wind_speed": 1,
      "pop": 10,
      "rain_levels": 1,
      "weather_name": "Cloudy",
      "icon": "10n"
    }
  },
  {
    "model": "logic.conditions",
    "pk": 3,
    "fields": {
      "widget_title": "top_result",
      "date": 1578384000,
      "location": 2,
      "average_temp": 10,
      "feels_like": 1,
      "pressure": 2,
      "humidity": 3,
      "wind_speed": 4,
      "pop": 5,
      "rain_levels": 6,
      "weather_name": "Rain",
      "icon": "10n"
    }
  },
  {
    "model": "logic.conditions",
    "pk": 4,
    "fields": {
      "widget_title": "top_result",
      "date": 1578384000,
      "location": 2,
      "average_temp": 10,
      "feels_like": 1,
      "pressure": 2,
      "humidity": 3,
      "wind_speed": 40,
      "pop": 5,
      "rain_levels": 6,
      "weather_name": "Rain",
      "icon": "10n"
    }
  },
  {
    "model": "logic.conditions",
    "pk": 5,
    "fields": {
      "widget_title": "hottest_day",
      "date": 1675595606,
      "location": 1,
      "average_temp": 64,
      "feels_like": 62,
      "pressure": 15,
      "humidity": 20,
      "wind_speed": 15,
      "pop": 0,
      "rain_levels": 0,
      "weather_name": "Sun",
      "icon": "10n"
    }
  },
  {
    "model": "logic.conditions",
    "pk": 6,
    "fields": {
      "widget_title": "coldest_day",
      "date": 1660558406,
      "location": 1,
      "average_temp": 93,
      "feels_like": 98,
      "pressure": 20,
      "humidity": 54,
      "wind_speed": 15,
      "pop": 50,
      "rain_levels": 1,
      "weather_name": "Cloudy",
      "icon": "10n"
    }
  },
  {
    "model": "logic.conditions",
    "pk": 7,
    "fields": {
      "widget_title": "rainiest_day",
      "date": 1661336006,
      "location": 1,
      "average_temp": 78,
      "feels_like": 75,
      "pressure": 25,
      "humidity": 85,
      "wind_speed": 25,
      "pop": 100,
      "rain_levels": 3,
      "weather_name": "Rain",
      "icon": "10n"
    }
  },
  {
    "model": "logic.conditions",
    "pk": 8,
    "fields": {
      "widget_title": "latest_sunrise",
      "date": 1654856006,
      "location": 1,
      "average_temp": 95,
      "feels_like": 98,
      "pressure": 20,
      "humidity": 35,
      "wind_speed": 10,
      "pop": 25,
      "rain_levels": 1,
      "weather_name": "Sun",
      "icon": "10n"
    }
  },
  {
    "model": "logic.conditions",
    "pk": 9,
    "fields": {
      "widget_title": "muggiest_day",
      "date": 1663582406,
      "location": 1,
      "average_temp": 88,
      "feels_like": 95,
      "pressure": 35,
      "humidity": 88,
      "wind_speed": 15,
      "pop": 87,
      "rain_levels": 1,
      "weather_name": "Rain",
      "icon": "10n"
    }
  },
  {
    "model": "logic.conditions",
    "pk": 10,
    "fields": {
      "widget_title": "earliest_sunrise",
      "date": 1647512006,
      "location": 1,
      "average_temp": 71,
      "feels_like": 73,
      "pressure": 21,
      "humidity": 15,
      "wind_speed": 3,
      "pop": 0,
      "rain_levels": 0,
      "weather_name": "Sun",
      "icon": "10n"
    }
  },
  {
    "model": "logic.conditions",
    "pk": 11,
    "fields": {
      "widget_title": "latest_sunset",
      "date": 1657707206,
      "location": 1,
      "average_temp": 96,
      "feels_like": 99,
      "pressure": 18,
      "humidity": 38,
      "wind_speed": 1,
      "pop": 10,
      "rain_levels": 0,
      "weather_name": "Sun",
      "icon": "10n"
    }
  },
  {
    "model": "logic.conditions",
    "pk": 12,
    "fields": {
      "widget_title": "earliest_sunset",
      "date": 1671621206,
      "location": 1,
      "average_temp": 45,
      "feels_like": 34,
      "pressure": 23,
      "humidity": 36,
      "wind_speed": 17,
      "pop": 0,
      "rain_levels": 0,
      "weather_name": "Sun",
      "icon": "10n"
    }
  },
  {
    "model": "logic.conditions",
    "pk": 13,
    "fields": {
      "widget_title": "top_result",
      "date": 1679609699,
      "location": 2,
      "average_temp": 10,
      "feels_like": 1,
      "pressure": 2,
      "humidity": 3,
      "wind_speed": 4,
      "pop": 5,
      "rain_levels": 6,
      "weather_name": "Rain",
      "icon": "10n"
    }
  },
  {
    "model": "logic.conditions",
    "pk": 14,
    "fields": {
      "widget_title": "search_results",
      "date": 1677194099,
      "location": 2,
      "average_temp": 10,
      "feels_like": 1,
      "pressure": 2,
      "humidity": 3,
      "wind_speed": 4,
      "pop": 5,
      "rain_levels": 6,
      "weather_name": "Rain",
      "icon": "10n"
    }
  },
  {
    "model": "logic.conditions",
    "pk": 15,
    "fields": {
      "widget_title": "search_results",
      "date": 1674515699,
      "location": 2,
      "average_temp": 0,
      "feels_like": 1,
      "pressure": 2,
      "humidity": 3,
      "wind_speed": 4,
      "pop": 5,
      "rain_levels": 6,
      "weather_name": "Rain",
      "icon": "10n"
    }
  },
  {
    "model": "logic.conditions",
    "pk": 16,
    "fields": {
      "widget_title": "search_results",
      "date": 1697494499,
      "location": 2,
      "average_temp": 0,
      "feels_like": 1,
      "pressure": 2,
      "humidity": 3,
      "wind_speed": 4,
      "pop": 5,
      "rain_levels": 6,
      "weather_name": "Rain",
      "icon": "10n"
    }
  },
  {
    "model": "logic.conditions",
    "pk": 17,
    "fields": {
      "widget_title": "search_results",
      "date": 1697321699,
      "location": 2,
      "average_temp": 0,
      "feels_like": 1,
      "pressure": 2,
      "humidity": 3,
      "wind_speed": 4,
      "pop": 5,
      "rain_levels": 6,
      "weather_name": "Rain",
      "icon": "10n"
    }
  },
  {
    "model": "logic.conditions",
    "pk": 18,
    "fields": {
      "widget_title": "search_results",
      "date": 1694729699,
      "location": 2,
      "average_temp": 0,
      "feels_like": 1,
      "pressure": 2,
      "humidity": 3,
      "wind_speed": 4,
      "pop": 5,
      "rain_levels": 6,
      "weather_name": "Rain",
      "icon": "10n"
    }
  },
  {
    "model": "logic.conditions",
    "pk": 19,
    "fields": {
      "widget_title": "search_results",
      "date": 1692051299,
      "location": 2,
      "average_temp": 0,
      "feels_like": 1,
      "pressure": 2,
      "humidity": 3,
      "wind_speed": 4,
      "pop": 5,
      "rain_levels": 6,
      "weather_name": "Rain",
      "icon": "10n"
    }
  },
  {
    "model": "logic.conditions",
    "pk": 20,
    "fields": {
      "widget_title": "search_results",
      "date": 1689372899,
      "location": 2,
      "average_temp": 0,
      "feels_like": 1,
      "pressure": 2,
      "humidity": 3,
      "wind_speed": 4,
      "pop": 5,
      "rain_levels": 6,
      "weather_name": "Rain",
      "icon": "10n"
    }
  },
  {
    "model": "logic.conditions",
    "pk": 21,
    "fields": {
      "widget_title": "search_results",
      "date": 1686780899,
      "location": 2,
      "average_temp": 0,
      "feels_like": 1,
      "pressure": 2,
      "humidity": 3,
      "wind_speed": 4,
      "pop": 5,
      "rain_levels": 6,
      "weather_name": "Rain",
      "icon": "10n"
    }
  },
  {
    "model": "logic.conditions",
    "pk": 22,
    "fields": {
      "widget_title": "search_results",
      "date": 1684102499,
      "location": 2,
      "average_temp": 0,
      "feels_like": 1,
      "pressure": 2,
      "humidity": 3,
      "wind_speed": 4,
      "pop": 5,
      "rain_levels": 6,
      "weather_name": "Rain",
      "icon": "10n"
    }
  },
  {
    "model": "logic.forecasttable",
    "pk": 1,
    "fields": { "type": "Temperature Forecast", "range": "d", "forecast": 1 }
  },
  {
    "model": "logic.forecasttable",
    "pk": 2,
    "fields": { "type": "Temperature Forecast", "range": "h", "forecast": 1 }
  },
  {
    "model": "logic.forecasttable",
    "pk": 3,
    "fields": { "type": "Humidity Forecast", "range": "h", "forecast": 1 }
  },
  {
    "model": "logic.forecasttable",
    "pk": 5,
    "fields": { "type": "Humidity Forecast", "range": "d", "forecast": 1 }
  },
  {
    "model": "logic.forecasttable",
    "pk": 6,
    "fields": { "type": "Precipitation Forecast", "range": "h", "forecast": 1 }
  },
  {
    "model": "logic.forecasttable",
    "pk": 7,
    "fields": { "type": "Precipitation Forecast", "range": "d", "forecast": 1 }
  },
  {
    "model": "logic.forecasttable",
    "pk": 8,
    "fields": { "type": "Wind Forecast", "range": "h", "forecast": 1 }
  },
  {
    "model": "logic.forecasttable",
    "pk": 9,
    "fields": { "type": "Wind Forecast", "range": "d", "forecast": 1 }
  },
  {
    "model": "logic.forecastrow",
    "pk": 1,
    "fields": { "value": 65, "time": 1684414800, "forecastTable": 2 }
  },
  {
    "model": "logic.forecastrow",
    "pk": 2,
    "fields": { "value": 67, "time": 1684418400, "forecastTable": 2 }
  },
  {
    "model": "logic.forecastrow",
    "pk": 3,
    "fields": { "value": 75, "time": 1684422000, "forecastTable": 2 }
  },
  {
    "model": "logic.forecastrow",
    "pk": 4,
    "fields": { "value": 77, "time": 1684425600, "forecastTable": 2 }
  },
  {
    "model": "logic.forecastrow",
    "pk": 5,
    "fields": { "value": 80, "time": 1684429200, "forecastTable": 2 }
  },
  {
    "model": "logic.forecastrow",
    "pk": 6,
    "fields": { "value": 85, "time": 1684432800, "forecastTable": 2 }
  },
  {
    "model": "logic.forecastrow",
    "pk": 7,
    "fields": { "value": 85, "time": 1684436400, "forecastTable": 2 }
  },
  {
    "model": "logic.forecastrow",
    "pk": 8,
    "fields": { "value": 82, "time": 1684440000, "forecastTable": 2 }
  },
  {
    "model": "logic.forecastrow",
    "pk": 9,
    "fields": { "value": 75, "time": 1684443600, "forecastTable": 2 }
  },
  {
    "model": "logic.forecastrow",
    "pk": 10,
    "fields": { "value": 71, "time": 1684447200, "forecastTable": 2 }
  },
  {
    "model": "logic.forecastrow",
    "pk": 11,
    "fields": { "value": 68, "time": 1684450800, "forecastTable": 2 }
  },
  {
    "model": "logic.forecastrow",
    "pk": 12,
    "fields": { "value": 66, "time": 1684454400, "forecastTable": 2 }
  },
  {
    "model": "logic.forecastrow",
    "pk": 13,
    "fields": { "value": 83, "time": 1684382400, "forecastTable": 1 }
  },
  {
    "model": "logic.forecastrow",
    "pk": 14,
    "fields": { "value": 88, "time": 1684468800, "forecastTable": 1 }
  },
  {
    "model": "logic.forecastrow",
    "pk": 15,
    "fields": { "value": 85, "time": 1684555200, "forecastTable": 1 }
  },
  {
    "model": "logic.forecastrow",
    "pk": 16,
    "fields": { "value": 79, "time": 1684641600, "forecastTable": 1 }
  },
  {
    "model": "logic.forecastrow",
    "pk": 17,
    "fields": { "value": 80, "time": 1684728000, "forecastTable": 1 }
  },
  {
    "model": "logic.forecastrow",
    "pk": 18,
    "fields": { "value": 88, "time": 1684814400, "forecastTable": 1 }
  },
  {
    "model": "logic.forecastrow",
    "pk": 19,
    "fields": { "value": 87, "time": 1684900800, "forecastTable": 1 }
  },
  {
    "model": "logic.forecastrow",
    "pk": 20,
    "fields": { "value": 89, "time": 1684987200, "forecastTable": 1 }
  },
  {
    "model": "logic.forecastrow",
    "pk": 21,
    "fields": { "value": 92, "time": 1685073600, "forecastTable": 1 }
  },
  {
    "model": "logic.forecastrow",
    "pk": 22,
    "fields": { "value": 83, "time": 1685160000, "forecastTable": 1 }
  },
  {
    "model": "logic.forecastrow",
    "pk": 23,
    "fields": { "value": 80, "time": 1685246400, "forecastTable": 1 }
  },
  {
    "model": "logic.forecastrow",
    "pk": 24,
    "fields": { "value": 83, "time": 1685332800, "forecastTable": 1 }
  },
  {
    "model": "logic.forecastrow",
    "pk": 25,
    "fields": { "value": 30, "time": 1684414800, "forecastTable": 3 }
  },
  {
    "model": "logic.forecastrow",
    "pk": 26,
    "fields": { "value": 45, "time": 1684418400, "forecastTable": 3 }
  },
  {
    "model": "logic.forecastrow",
    "pk": 27,
    "fields": { "value": 32, "time": 1684422000, "forecastTable": 3 }
  },
  {
    "model": "logic.forecastrow",
    "pk": 28,
    "fields": { "value": 55, "time": 1684425600, "forecastTable": 3 }
  },
  {
    "model": "logic.forecastrow",
    "pk": 29,
    "fields": { "value": 44, "time": 1684429200, "forecastTable": 3 }
  },
  {
    "model": "logic.forecastrow",
    "pk": 30,
    "fields": { "value": 44, "time": 1684432800, "forecastTable": 3 }
  },
  {
    "model": "logic.forecastrow",
    "pk": 31,
    "fields": { "value": 46, "time": 1684436400, "forecastTable": 3 }
  },
  {
    "model": "logic.forecastrow",
    "pk": 32,
    "fields": { "value": 87, "time": 1684440000, "forecastTable": 3 }
  },
  {
    "model": "logic.forecastrow",
    "pk": 33,
    "fields": { "value": 62, "time": 1684443600, "forecastTable": 3 }
  },
  {
    "model": "logic.forecastrow",
    "pk": 34,
    "fields": { "value": 49, "time": 1684447200, "forecastTable": 3 }
  },
  {
    "model": "logic.forecastrow",
    "pk": 35,
    "fields": { "value": 40, "time": 1684450800, "forecastTable": 3 }
  },
  {
    "model": "logic.forecastrow",
    "pk": 36,
    "fields": { "value": 38, "time": 1684454400, "forecastTable": 3 }
  },
  {
    "model": "logic.forecastrow",
    "pk": 49,
    "fields": { "value": 28, "time": 1684414800, "forecastTable": 5 }
  },
  {
    "model": "logic.forecastrow",
    "pk": 50,
    "fields": { "value": 47, "time": 1684418400, "forecastTable": 5 }
  },
  {
    "model": "logic.forecastrow",
    "pk": 51,
    "fields": { "value": 33, "time": 1684422000, "forecastTable": 5 }
  },
  {
    "model": "logic.forecastrow",
    "pk": 52,
    "fields": { "value": 52, "time": 1684425600, "forecastTable": 5 }
  },
  {
    "model": "logic.forecastrow",
    "pk": 53,
    "fields": { "value": 50, "time": 1684429200, "forecastTable": 5 }
  },
  {
    "model": "logic.forecastrow",
    "pk": 54,
    "fields": { "value": 65, "time": 1684432800, "forecastTable": 5 }
  },
  {
    "model": "logic.forecastrow",
    "pk": 55,
    "fields": { "value": 47, "time": 1684436400, "forecastTable": 5 }
  },
  {
    "model": "logic.forecastrow",
    "pk": 56,
    "fields": { "value": 55, "time": 1684440000, "forecastTable": 5 }
  },
  {
    "model": "logic.forecastrow",
    "pk": 57,
    "fields": { "value": 63, "time": 1684443600, "forecastTable": 5 }
  },
  {
    "model": "logic.forecastrow",
    "pk": 58,
    "fields": { "value": 52, "time": 1684447200, "forecastTable": 5 }
  },
  {
    "model": "logic.forecastrow",
    "pk": 59,
    "fields": { "value": 39, "time": 1684450800, "forecastTable": 5 }
  },
  {
    "model": "logic.forecastrow",
    "pk": 60,
    "fields": { "value": 40, "time": 1684454400, "forecastTable": 5 }
  },
  {
    "model": "logic.forecastrow",
    "pk": 61,
    "fields": { "value": 30, "time": 1684414800, "forecastTable": 6 }
  },
  {
    "model": "logic.forecastrow",
    "pk": 62,
    "fields": { "value": 10, "time": 1684418400, "forecastTable": 6 }
  },
  {
    "model": "logic.forecastrow",
    "pk": 63,
    "fields": { "value": 12, "time": 1684422000, "forecastTable": 6 }
  },
  {
    "model": "logic.forecastrow",
    "pk": 64,
    "fields": { "value": 10, "time": 1684425600, "forecastTable": 6 }
  },
  {
    "model": "logic.forecastrow",
    "pk": 65,
    "fields": { "value": 85, "time": 1684429200, "forecastTable": 6 }
  },
  {
    "model": "logic.forecastrow",
    "pk": 66,
    "fields": { "value": 100, "time": 1684432800, "forecastTable": 6 }
  },
  {
    "model": "logic.forecastrow",
    "pk": 67,
    "fields": { "value": 63, "time": 1684436400, "forecastTable": 6 }
  },
  {
    "model": "logic.forecastrow",
    "pk": 68,
    "fields": { "value": 0, "time": 1684440000, "forecastTable": 6 }
  },
  {
    "model": "logic.forecastrow",
    "pk": 69,
    "fields": { "value": 0, "time": 1684443600, "forecastTable": 6 }
  },
  {
    "model": "logic.forecastrow",
    "pk": 70,
    "fields": { "value": 20, "time": 1684447200, "forecastTable": 6 }
  },
  {
    "model": "logic.forecastrow",
    "pk": 71,
    "fields": { "value": 10, "time": 1684450800, "forecastTable": 6 }
  },
  {
    "model": "logic.forecastrow",
    "pk": 72,
    "fields": { "value": 12, "time": 1684454400, "forecastTable": 6 }
  },
  {
    "model": "logic.forecastrow",
    "pk": 73,
    "fields": { "value": 30, "time": 1684414800, "forecastTable": 7 }
  },
  {
    "model": "logic.forecastrow",
    "pk": 74,
    "fields": { "value": 80, "time": 1684418400, "forecastTable": 7 }
  },
  {
    "model": "logic.forecastrow",
    "pk": 75,
    "fields": { "value": 90, "time": 1684422000, "forecastTable": 7 }
  },
  {
    "model": "logic.forecastrow",
    "pk": 76,
    "fields": { "value": 10, "time": 1684425600, "forecastTable": 7 }
  },
  {
    "model": "logic.forecastrow",
    "pk": 77,
    "fields": { "value": 85, "time": 1684429200, "forecastTable": 7 }
  },
  {
    "model": "logic.forecastrow",
    "pk": 78,
    "fields": { "value": 10, "time": 1684432800, "forecastTable": 7 }
  },
  {
    "model": "logic.forecastrow",
    "pk": 79,
    "fields": { "value": 63, "time": 1684436400, "forecastTable": 7 }
  },
  {
    "model": "logic.forecastrow",
    "pk": 80,
    "fields": { "value": 5, "time": 1684440000, "forecastTable": 7 }
  },
  {
    "model": "logic.forecastrow",
    "pk": 81,
    "fields": { "value": 8, "time": 1684443600, "forecastTable": 7 }
  },
  {
    "model": "logic.forecastrow",
    "pk": 82,
    "fields": { "value": 15, "time": 1684447200, "forecastTable": 7 }
  },
  {
    "model": "logic.forecastrow",
    "pk": 83,
    "fields": { "value": 80, "time": 1684450800, "forecastTable": 7 }
  },
  {
    "model": "logic.forecastrow",
    "pk": 84,
    "fields": { "value": 12, "time": 1684454400, "forecastTable": 7 }
  },
  {
    "model": "logic.forecastrow",
    "pk": 85,
    "fields": { "value": 10, "time": 1684414800, "forecastTable": 8 }
  },
  {
    "model": "logic.forecastrow",
    "pk": 86,
    "fields": { "value": 5, "time": 1684418400, "forecastTable": 8 }
  },
  {
    "model": "logic.forecastrow",
    "pk": 87,
    "fields": { "value": 5, "time": 1684422000, "forecastTable": 8 }
  },
  {
    "model": "logic.forecastrow",
    "pk": 88,
    "fields": { "value": 2, "time": 1684425600, "forecastTable": 8 }
  },
  {
    "model": "logic.forecastrow",
    "pk": 89,
    "fields": { "value": 20, "time": 1684429200, "forecastTable": 8 }
  },
  {
    "model": "logic.forecastrow",
    "pk": 90,
    "fields": { "value": 15, "time": 1684432800, "forecastTable": 8 }
  },
  {
    "model": "logic.forecastrow",
    "pk": 91,
    "fields": { "value": 30, "time": 1684436400, "forecastTable": 8 }
  },
  {
    "model": "logic.forecastrow",
    "pk": 92,
    "fields": { "value": 15, "time": 1684440000, "forecastTable": 8 }
  },
  {
    "model": "logic.forecastrow",
    "pk": 93,
    "fields": { "value": 10, "time": 1684443600, "forecastTable": 8 }
  },
  {
    "model": "logic.forecastrow",
    "pk": 94,
    "fields": { "value": 5, "time": 1684447200, "forecastTable": 8 }
  },
  {
    "model": "logic.forecastrow",
    "pk": 95,
    "fields": { "value": 2, "time": 1684450800, "forecastTable": 8 }
  },
  {
    "model": "logic.forecastrow",
    "pk": 96,
    "fields": { "value": 5, "time": 1684454400, "forecastTable": 8 }
  },
  {
    "model": "logic.forecastrow",
    "pk": 97,
    "fields": { "value": 15, "time": 1684414800, "forecastTable": 9 }
  },
  {
    "model": "logic.forecastrow",
    "pk": 98,
    "fields": { "value": 13, "time": 1684418400, "forecastTable": 9 }
  },
  {
    "model": "logic.forecastrow",
    "pk": 99,
    "fields": { "value": 23, "time": 1684422000, "forecastTable": 9 }
  },
  {
    "model": "logic.forecastrow",
    "pk": 100,
    "fields": { "value": 30, "time": 1684425600, "forecastTable": 9 }
  },
  {
    "model": "logic.forecastrow",
    "pk": 101,
    "fields": { "value": 25, "time": 1684429200, "forecastTable": 9 }
  },
  {
    "model": "logic.forecastrow",
    "pk": 102,
    "fields": { "value": 15, "time": 1684432800, "forecastTable": 9 }
  },
  {
    "model": "logic.forecastrow",
    "pk": 103,
    "fields": { "value": 12, "time": 1684436400, "forecastTable": 9 }
  },
  {
    "model": "logic.forecastrow",
    "pk": 104,
    "fields": { "value": 15, "time": 1684440000, "forecastTable": 9 }
  },
  {
    "model": "logic.forecastrow",
    "pk": 105,
    "fields": { "value": 2, "time": 1684443600, "forecastTable": 9 }
  },
  {
    "model": "logic.forecastrow",
    "pk": 106,
    "fields": { "value": 2, "time": 1684447200, "forecastTable": 9 }
  },
  {
    "model": "logic.forecastrow",
    "pk": 107,
    "fields": { "value": 4, "time": 1684450800, "forecastTable": 9 }
  },
  {
    "model": "logic.forecastrow",
    "pk": 108,
    "fields": { "value": 3, "time": 1684454400, "forecastTable": 9 }
  }
]
